Ticker,Company Name,Sector,Industry,Location,Date Added,Founded,Market Cap,Weight
MMM,3M,Industrials,Industrial Conglomerates,"Saint Paul, Minnesota",1957-03-04,1902,84507030469.86823,0.0013408853099312913
AOS,A. O. Smith,Industrials,Building Products,"Milwaukee, Wisconsin",2017-07-26,1916,10187108767.380508,0.00016164033241853525
ABT,Abbott Laboratories,Health Care,Health Care Equipment,"North Chicago, Illinois",1957-03-04,1888,234388777412.2284,0.0037190807285184964
ABBV,AbbVie,Health Care,Biotechnology,"North Chicago, Illinois",2012-12-31,2013 (1888),426875380201.6771,0.006773293574525199
ACN,Accenture,Information Technology,IT Consulting & Other Services,"Dublin, Ireland",2011-07-06,1989,154648943422.72394,0.0024538372166072546
ADBE,Adobe Inc.,Information Technology,Application Software,"San Jose, California",1997-05-05,1982,151775122838.66797,0.0024082378885618466
AMD,Advanced Micro Devices,Information Technology,Semiconductors,"Santa Clara, California",2017-03-20,1969,267233667296.11444,0.004240235360349004
AES,AES Corporation,Utilities,Independent Power Producers & Energy Traders,"Arlington, Virginia",1998-10-02,1981,10381682588.79493,0.00016472766346520856
AFL,Aflac,Financials,Life & Health Insurance,"Columbus, Georgia",1999-05-28,1955,60072272793.58238,0.0009531754657006988
A,Agilent Technologies,Health Care,Life Sciences Tools & Services,"Santa Clara, California",2000-06-05,1999,40155000307.24507,0.0006371452142253385
APD,Air Products,Materials,Industrial Gases,"Upper Macungie Township, Pennsylvania",1985-04-30,1940,61894205246.85602,0.0009820843322020814
ABNB,Airbnb,Consumer Discretionary,"Hotels, Resorts & Cruise Lines","San Francisco, California",2023-09-18,2008,73602972994.758,0.0011678690483761644
AKAM,Akamai Technologies,Information Technology,Internet Services & Infrastructure,"Cambridge, Massachusetts",2007-07-12,1998,11120981201.617676,0.00017645822178769116
ALB,Albemarle Corporation,Materials,Specialty Chemicals,"Charlotte, North Carolina",2016-07-01,1994,10381988404.695923,0.0001647325158904672
ARE,Alexandria Real Estate Equities,Real Estate,Office REITs,"Pasadena, California",2017-03-20,1994,14373276382.433853,0.00022806286115638466
ALGN,Align Technology,Health Care,Health Care Supplies,"Tempe, Arizona",2017-06-19,1997,9580523125.833496,0.00015201555006086326
ALLE,Allegion,Industrials,Building Products,"Dublin, Ireland",2013-12-02,1908,15219728954.437866,0.00024149364689152457
LNT,Alliant Energy,Utilities,Electric Utilities,"Madison, Wisconsin",2016-07-01,1917,17171180596.465302,0.0002724576131471947
ALL,Allstate,Financials,Property & Casualty Insurance,"Northbrook, Illinois",1995-07-13,1931,56100651860.78491,0.0008901571802894916
GOOGL,Alphabet Inc. (Class A),Communication Services,Interactive Media & Services,"Mountain View, California",2006-04-03,1998,2971275613300.3394,0.047145661129958834
GOOG,Alphabet Inc. (Class C),Communication Services,Interactive Media & Services,"Mountain View, California",2014-04-03,1998,2975634502913.1104,0.04721482426368722
MO,Altria,Consumer Staples,Tobacco,"Richmond, Virginia",1957-03-04,1985,111326103202.0774,0.0017664274269912495
AMZN,Amazon,Consumer Discretionary,Broadline Retail,"Seattle, Washington",2005-11-18,1994,2341054795828.358,0.03714585600768109
AMCR,Amcor,Materials,Paper & Plastic Packaging Products & Materials,"Warmley, Bristol, United Kingdom",2019-06-07,2019 (1860),18882385021.83555,0.0002996095419690992
AEE,Ameren,Utilities,Multi-Utilities,"St. Louis, Missouri",1991-09-19,1902,28052324315.662094,0.0004451102988136783
AEP,American Electric Power,Utilities,Electric Utilities,"Columbus, Ohio",1957-03-04,1906,60998689362.12872,0.0009678750517674896
AXP,American Express,Financials,Consumer Finance,"New York City, New York",1976-06-30,1850,229808139848.75513,0.003646399087892504
AIG,American International Group,Financials,Multi-line Insurance,"New York City, New York",1980-03-31,1919,44885390067.245865,0.0007122029946746953
AMT,American Tower,Real Estate,Telecom Tower REITs,"Boston, Massachusetts",2007-11-19,1995,89066068651.02654,0.0014132242300251732
AWK,American Water Works,Utilities,Water Utilities,"Camden, New Jersey",2016-03-04,1886,26874827466.5,0.0004264267855159912
AMP,Ameriprise Financial,Financials,Asset Management & Custody Banks,"Minneapolis, Minnesota",2005-10-03,1894,46381609980.0,0.0007359437330521259
AME,Ametek,Industrials,Electrical Components & Equipment,"Berwyn, Pennsylvania",2013-09-23,1930,42437790150.0,0.0006733665717714644
AMGN,Amgen,Health Care,Biotechnology,"Thousand Oaks, California",1992-01-02,1980,160372619680.54993,0.0025446556179905323
APH,Amphenol,Information Technology,Electronic Components,"Wallingford, Connecticut",2008-09-30,1932,149220979676.80222,0.002367710928542486
ADI,Analog Devices,Information Technology,Semiconductors,"Wilmington, Massachusetts",1999-10-12,1965,119048298660.03192,0.0018889566224015817
AON,Aon plc,Financials,Insurance Brokers,"London, United Kingdom",1996-04-23,1982 (1919),78447111728.13788,0.0012447317002850405
APA,APA Corporation,Energy,Oil & Gas Exploration & Production,"Houston, Texas",1997-07-28,1954,8780080055.963287,0.0001393148037696069
APO,Apollo Global Management,Financials,Asset Management & Custody Banks,"New York City, New York",2024-12-23,1990,73551970991.80852,0.0011670597921976929
AAPL,Apple Inc.,Information Technology,"Technology Hardware, Storage & Peripherals","Cupertino, California",1982-11-30,1977,3829117264758.606,0.06075715904074777
AMAT,Applied Materials,Information Technology,Semiconductor Materials & Equipment,"Santa Clara, California",1995-03-16,1967,173293626172.8461,0.0027496751021531475
APP,AppLovin,Information Technology,Application Software,"Palo Alto, California",2025-09-22,2012,230943514585.86182,0.0036644142435285345
APTV,Aptiv,Consumer Discretionary,Automotive Parts & Equipment,"Dublin, Ireland",2012-12-24,1994,19158508902.785225,0.0003039908396389855
ACGL,Arch Capital Group,Financials,Property & Casualty Insurance,"Hamilton, Bermuda",2022-11-01,1995,33884670924.743385,0.0005376529884225997
ADM,Archer Daniels Midland,Consumer Staples,Agricultural Products & Services,"Chicago, Illinois",1957-03-04,1902,29327552482.19837,0.0004653445290997467
ANET,Arista Networks,Information Technology,Communications Equipment,"Santa Clara, California",2018-08-28,2004,182873912935.5,0.0029016869018051567
AJG,Arthur J. Gallagher & Co.,Financials,Insurance Brokers,"Rolling Meadows, Illinois",2016-05-31,1927,79595587056.48804,0.0012629547249025288
AIZ,Assurant,Financials,Multi-line Insurance,"Atlanta, Georgia",2007-04-10,1892,11101026420.0,0.00017614159637338827
T,AT&T,Communication Services,Integrated Telecommunication Services,"Dallas, Texas",1983-11-30,1983 (1885),193489427270.08215,0.003070124807497294
ATO,Atmos Energy,Utilities,Gas Utilities,"Dallas, Texas",2019-02-15,1906,27405259555.783386,0.0004348432284140748
ADSK,Autodesk,Information Technology,Application Software,"San Francisco, California",1989-12-01,1982,69463939289.21036,0.0011021944002170601
ADP,Automatic Data Processing,Industrials,Human Resource & Employment Services,"Roseland, New Jersey",1981-03-31,1949,118006625916.97192,0.001872428249896255
AZO,AutoZone,Consumer Discretionary,Automotive Retail,"Memphis, Tennessee",1997-01-02,1979,70244309501.95312,0.0011145766475727738
AVB,AvalonBay Communities,Real Estate,Multi-Family Residential REITs,"Arlington, Virginia",2007-01-10,1978,27646169812.454224,0.0004386657863999087
AVY,Avery Dennison,Materials,Paper & Plastic Packaging Products & Materials,"Mentor, Ohio",1987-12-31,1935,12745311913.744751,0.00020223171280082087
AXON,Axon Enterprise,Industrials,Aerospace & Defense,"Scottsdale, Arizona",2023-05-04,1993,56170712631.04492,0.0008912688446932906
BKR,Baker Hughes,Energy,Oil & Gas Equipment & Services,"Houston, Texas",2017-07-07,2017,49980463227.5,0.0007930472595319956
BALL,Ball Corporation,Materials,"Metal, Glass & Plastic Containers","Broomfield, Colorado",1984-10-31,1880,13675481973.75,0.00021699085606102176
BAC,Bank of America,Financials,Diversified Banks,"Charlotte, North Carolina",1976-06-30,1998 (1923 / 1874),375087807358.83813,0.0059515726446113335
BAX,Baxter International,Health Care,Health Care Equipment,"Deerfield, Illinois",1972-09-30,1931,12254998828.949417,0.00019445184396607842
BDX,Becton Dickinson,Health Care,Health Care Equipment,"Franklin Lakes, New Jersey",1972-09-30,1897,55493944448.03352,0.0008805304657704573
BRK.B,Berkshire Hathaway,Financials,Multi-Sector Holdings,"Omaha, Nebraska",2010-02-16,1839,,
BBY,Best Buy,Consumer Discretionary,Computer & Electronics Retail,"Richfield, Minnesota",1999-06-29,1966,16148383356.135635,0.0002562287409815194
TECH,Bio-Techne,Health Care,Life Sciences Tools & Services,"Minneapolis, Minnesota",2021-08-30,1976,9800902229.734669,0.00015551233726772494
BIIB,Biogen,Health Care,Biotechnology,"Cambridge, Massachusetts",2003-11-13,1978,23440742644.13159,0.00037193766353680084
BLK,BlackRock,Financials,Asset Management & Custody Banks,"New York City, New York",2011-04-04,1988,182159306176.86523,0.0028903481327145464
BX,Blackstone Inc.,Financials,Asset Management & Custody Banks,"New York City, New York",2023-09-18,1985,208774360218.84784,0.003312653055624442
XYZ,"Block, Inc.",Financials,Transaction & Payment Processing Services,none,2025-07-23,2009,44825016797.33589,0.0007112450432440902
BK,BNY Mellon,Financials,Asset Management & Custody Banks,"New York City, New York",1995-03-31,1784,75178669909.48792,0.0011928708598718217
BA,Boeing,Industrials,Aerospace & Defense,"Arlington, Virginia",1957-03-04,1916,163556911736.11017,0.002595181241907161
BKNG,Booking Holdings,Consumer Discretionary,"Hotels, Resorts & Cruise Lines","Norwalk, Connecticut",2009-11-06,1996,179019717840.45996,0.0028405318291938766
BSX,Boston Scientific,Health Care,Health Care Equipment,"Marlborough, Massachusetts",1995-02-24,1979,144204068568.6853,0.0022881068723035946
BMY,Bristol Myers Squibb,Health Care,Pharmaceuticals,"New York City, New York",1957-03-04,1989 (1887),92510560390.01431,0.001467878480059852
AVGO,Broadcom,Information Technology,Semiconductors,"Palo Alto, California",2014-05-08,1961,1603370541155.7808,0.025440912940124565
BR,Broadridge Financial Solutions,Industrials,Data Processing & Outsourced Services,"Lake Success, New York",2018-06-18,1962,27392988452.78064,0.0004346485210428472
BRO,Brown & Brown,Financials,Insurance Brokers,"Daytona Beach, Florida",2021-09-20,1939,31318573992.79962,0.0004969363561995563
BF.B,Brown–Forman,Consumer Staples,Distillers & Vintners,"Louisville, Kentucky",1982-10-31,1870,,
BLDR,Builders FirstSource,Industrials,Building Products,"Irving, Texas",2023-12-18,1998,14210808317.41246,0.00022548495680323356
BG,Bunge Global,Consumer Staples,Agricultural Products & Services,"Chesterfield, Missouri",2023-03-15,1818,16799207895.67633,0.00026655546835036335
BXP,"BXP, Inc.",Real Estate,Office REITs,"Boston, Massachusetts",2006-04-03,1970,13105365193.221298,0.00020794473041081525
CHRW,C.H. Robinson,Industrials,Air Freight & Logistics,"Eden Prairie, Minnesota",2007-03-02,1905,15989542614.028748,0.000253708391887184
CDNS,Cadence Design Systems,Information Technology,Application Software,"San Jose, California",2017-09-18,1988,94627599306.33545,0.001501469843614628
CPT,Camden Property Trust,Real Estate,Multi-Family Residential REITs,"Houston, Texas",2022-04-04,1981,11134053827.311356,0.000176665647035714
CPB,Campbell's Company (The),Consumer Staples,Packaged Foods & Meats,"Camden, New Jersey",1957-03-04,1869,9520861401.100254,0.00015106888882078463
COF,Capital One,Financials,Consumer Finance,"Tysons Corner, Virginia",1998-07-01,1994,137112506503.09613,0.002175584028401216
CAH,Cardinal Health,Health Care,Health Care Distributors,"Dublin, Ohio",1997-05-27,1971,36697022656.81857,0.0005822769812777746
KMX,CarMax,Consumer Discretionary,Automotive Retail,"Richmond, Virginia",2010-06-28,1993,6816546627.178696,0.00010815913405103768
CCL,Carnival,Consumer Discretionary,"Hotels, Resorts & Cruise Lines","Miami, Florida",1998-12-22,1972,41824536964.66341,0.0006636359945293779
CARR,Carrier Global,Industrials,Building Products,"Palm Beach Gardens, Florida",2020-04-03,"2020 (1915, United Technologies spinoff)",50763513525.607796,0.0008054720321909336
CAT,Caterpillar Inc.,Industrials,Construction Machinery & Heavy Transportation Equipment,"Irving, Texas",1957-03-04,1925,233232234674.91843,0.003700729697152892
CBOE,Cboe Global Markets,Financials,Financial Exchanges & Data,"Chicago, Illinois",2017-03-01,1973,25053519037.995758,0.00039752782050613727
CBRE,CBRE Group,Real Estate,Real Estate Services,"Dallas, Texas",2006-11-10,1906,46460132123.88725,0.0007371896552985628
CDW,CDW Corporation,Information Technology,Technology Distributors,"Vernon Hills, Illinois",2019-09-23,1984,21580394028.559906,0.00034241924221609744
COR,Cencora,Health Care,Health Care Distributors,"Conshohocken, Pennsylvania",2001-08-30,1985,58698469144.89868,0.0009313771239413489
CNC,Centene Corporation,Health Care,Managed Health Care,"St. Louis, Missouri",2016-03-30,1984,19006847474.704742,0.0003015844057616428
CNP,CenterPoint Energy,Utilities,Multi-Utilities,"Houston, Texas",1985-07-31,1882,25370329557.5571,0.00040255469897233743
CF,CF Industries,Materials,Fertilizers & Agricultural Chemicals,"Deerfield, Illinois",2008-08-27,1946,14592142922.787323,0.00023153564829804258
CRL,Charles River Laboratories,Health Care,Life Sciences Tools & Services,"Wilmington, Massachusetts",2021-05-14,1947,8727150274.853851,0.0001384749592554534
SCHW,Charles Schwab Corporation,Financials,Investment Banking & Brokerage,"Westlake, Texas",1997-06-02,1971,170775835067.7658,0.0027097249454915476
CHTR,Charter Communications,Communication Services,Cable & Satellite,"Stamford, Connecticut",2016-09-08,1993,38246843043.74634,0.0006068682061534901
CVX,Chevron Corporation,Energy,Integrated Oil & Gas,"Houston, Texas",1957-03-04,1879,309375981983.5499,0.004908913580098217
CMG,Chipotle Mexican Grill,Consumer Discretionary,Restaurants,"Newport Beach, California",2011-04-28,1993,57331657130.05884,0.0009096897194503129
CB,Chubb Limited,Financials,Property & Casualty Insurance,"Zurich, Switzerland",2010-07-15,1985,113212092193.5026,0.0017963526878746726
CHD,Church & Dwight,Consumer Staples,Household Products,"Ewing, New Jersey",2015-12-29,1847,21413204662.21737,0.00033976642429007456
CI,Cigna,Health Care,Health Care Services,"Bloomfield, Connecticut",1976-06-30,1982,83014631325.0,0.0013172051962320962
CINF,Cincinnati Financial,Financials,Property & Casualty Insurance,"Fairfield, Ohio",1997-12-18,1950,25534704898.48947,0.00040516286634901215
CTAS,Cintas,Industrials,Diversified Support Services,"Mason, Ohio",2001-03-01,1929,81641805913.58148,0.001295422376305323
CSCO,Cisco,Information Technology,Communications Equipment,"San Jose, California",1993-12-01,1984,268501129809.24017,0.004260346371886025
C,Citigroup,Financials,Diversified Banks,"New York City, New York",1988-05-31,1998,179929356617.9378,0.0028549651996162204
CFG,Citizens Financial Group,Financials,Regional Banks,"Providence, Rhode Island",2016-01-29,1828,23215202456.342735,0.00036835898466329513
CLX,Clorox,Consumer Staples,Household Products,"Oakland, California",1969-03-31,1913,15277315637.079163,0.0002424073831377523
CME,CME Group,Financials,Financial Exchanges & Data,"Chicago, Illinois",2006-08-11,1848,95381827079.68933,0.0015134372850926837
CMS,CMS Energy,Utilities,Multi-Utilities,"Jackson, Michigan",1957-03-04,1886,21773610723.30194,0.0003454850395370133
KO,Coca-Cola Company (The),Consumer Staples,Soft Drinks & Non-alcoholic Beverages,"Atlanta, Georgia",1957-03-04,1886,286839428912.67505,0.004551322823669994
CTSH,Cognizant,Information Technology,IT Consulting & Other Services,"Teaneck, New Jersey",2006-11-17,1994,33044870885.97934,0.0005243277593973064
COIN,Coinbase,Financials,Financial Exchanges & Data,"New York City, New York",2025-05-19,2012,97641635600.3331,0.0015492939946675068
CL,Colgate-Palmolive,Consumer Staples,Household Products,"New York City, New York",1957-03-04,1806,63041223570.0,0.0010002842383066296
CMCSA,Comcast,Communication Services,Cable & Satellite,"Philadelphia, Pennsylvania",2002-11-19,1963,116965377300.22748,0.001855906607064695
CAG,Conagra Brands,Consumer Staples,Packaged Foods & Meats,"Chicago, Illinois",1983-08-31,1919,9141300151.472672,0.0001450463354188371
COP,ConocoPhillips,Energy,Oil & Gas Exploration & Production,"Houston, Texas",1957-03-04,2002,117600412577.52335,0.00186598280391932
ED,Consolidated Edison,Utilities,Multi-Utilities,"New York City, New York",1957-03-04,1823,35635990138.15277,0.0005654414244048389
STZ,Constellation Brands,Consumer Staples,Distillers & Vintners,"Rochester, New York",2005-07-01,1945,25072784942.512314,0.00039783351540755734
CEG,Constellation Energy,Utilities,Electric Utilities,"Baltimore, Maryland",2022-02-02,1999,112466008440.0,0.0017845144687408606
COO,Cooper Companies (The),Health Care,Health Care Supplies,"San Ramon, California",2016-09-23,1958,14008076391.644997,0.0002222681799314844
CPRT,Copart,Industrials,Diversified Support Services,"Dallas, Texas",2018-07-02,1982,43654369818.73645,0.0006926702178361718
GLW,Corning Inc.,Information Technology,Electronic Components,"Corning, New York",1995-02-27,1851,71579057399.80573,0.0011357552860687787
CPAY,Corpay,Financials,Transaction & Payment Processing Services,"Atlanta, Georgia",2018-06-20,2000,20360244102.198822,0.0003230589463558059
CTVA,Corteva,Materials,Fertilizers & Agricultural Chemicals,"Indianapolis, Indiana",2019-06-03,2019,43034566274.642944,0.0006828357051015814
CSGP,CoStar Group,Real Estate,Real Estate Services,"Washington, D.C.",2022-09-19,1987,36145030086.376816,0.0005735184350978745
COST,Costco,Consumer Staples,Consumer Staples Merchandise Retail,"Issaquah, Washington",1993-10-01,1976,405730287224.24316,0.006437781317226297
CTRA,Coterra,Energy,Oil & Gas Exploration & Production,"Houston, Texas",2008-06-23,2021 (1989),17781160765.370407,0.00028213625696282254
CRWD,CrowdStrike,Information Technology,Systems Software,"Austin, Texas",2024-06-24,2011,122937905208.5669,0.00195067357368178
CCI,Crown Castle,Real Estate,Telecom Tower REITs,"Houston, Texas",2012-03-14,1994,41565615993.50084,0.000659527657924309
CSX,CSX Corporation,Industrials,Rail Transportation,"Jacksonville, Florida",1957-03-04,1980,67132612145.01293,0.0010652028942687707
CMI,Cummins,Industrials,Construction Machinery & Heavy Transportation Equipment,"Columbus, Indiana",1965-03-31,1919,59633795564.44153,0.0009462180839062457
CVS,CVS Health,Health Care,Health Care Services,"Woonsocket, Rhode Island",1957-03-04,1996,98282608089.31256,0.0015594643981210882
DHR,Danaher Corporation,Health Care,Life Sciences Tools & Services,"Washington, D.C.",1998-11-18,1969,153943935267.48886,0.0024426507499490336
DRI,Darden Restaurants,Consumer Discretionary,Restaurants,"Orlando, Florida",1995-05-31,1938,22469491691.252563,0.00035652668379072377
DDOG,Datadog,Information Technology,Application Software,"New York City, New York",2025-07-09,2010,52946487583.60559,0.0008401095982023678
DVA,DaVita,Health Care,Health Care Services,"Denver, Colorado",2008-07-31,1979,9377940261.84082,0.0001488011383739156
DAY,Dayforce,Industrials,Human Resource & Employment Services,"Minneapolis, Minnesota",2021-09-20,1992,10896126440.30075,0.0001728904186754344
DECK,Deckers Brands,Consumer Discretionary,Footwear,"Goleta, California",2024-03-18,1973,15286783906.808014,0.00024255761754688127
DE,Deere & Company,Industrials,Agricultural & Farm Machinery,"Moline, Illinois",1957-03-04,1837,128526113496.5918,0.0020393424851390418
DELL,Dell Technologies,Information Technology,"Technology Hardware, Storage & Peripherals","Round Rock, Texas",2024-09-23,2016,94323977436.93956,0.0014966522313735733
DAL,Delta Air Lines,Industrials,Passenger Airlines,"Atlanta, Georgia",2013-09-11,1929,38420637250.03287,0.0006096258240329145
DVN,Devon Energy,Energy,Oil & Gas Exploration & Production,"Oklahoma City, Oklahoma",2000-08-30,1971,22975993800.02393,0.00036456342621705843
DXCM,Dexcom,Health Care,Health Care Equipment,"San Diego, California",2020-05-12,1999,26294011715.012894,0.0004172108977417373
FANG,Diamondback Energy,Energy,Oil & Gas Exploration & Production,"Midland, Texas",2018-12-03,2007,42794867062.88037,0.000679032362940965
DLR,Digital Realty,Real Estate,Data Center REITs,"Austin, Texas",2016-05-18,2004,60771600154.169525,0.0009642717943662609
DG,Dollar General,Consumer Staples,Consumer Staples Merchandise Retail,"Goodlettsville, Tennessee",2012-12-03,1939,22596739103.31421,0.0003585457369347231
DLTR,Dollar Tree,Consumer Staples,Consumer Staples Merchandise Retail,"Chesapeake, Virginia",2011-12-19,1986,18353027107.8665,0.00029121014316653383
D,Dominion Energy,Utilities,Multi-Utilities,"Richmond, Virginia",2016-11-30,1983,52511769904.46091,0.0008332118697330143
DPZ,Domino's,Consumer Discretionary,Restaurants,"Ann Arbor, Michigan",2020-05-12,1960,14486343789.819122,0.00022985691810942105
DASH,DoorDash,Consumer Discretionary,Specialized Consumer Services,"San Francisco, California",2025-03-24,2012,115863782856.51807,0.0018384274482437192
DOV,Dover Corporation,Industrials,Industrial Machinery & Supplies & Components,"Downers Grove, Illinois",1985-10-31,1955,22847971298.030228,0.00036253207460868294
DOW,Dow Inc.,Materials,Commodity Chemicals,"Midland, Michigan",2019-04-01,2019 (1897),16884667460.497932,0.00026791146766101556
DHI,D. R. Horton,Consumer Discretionary,Homebuilding,"Arlington, Texas",2005-06-22,1978,52156710488.74919,0.00082757809048372
DTE,DTE Energy,Utilities,Multi-Utilities,"Detroit, Michigan",1957-03-04,1995,29064367157.71614,0.00046116852938202436
DUK,Duke Energy,Utilities,Electric Utilities,"Charlotte, North Carolina",1976-06-30,1904,96067727365.11646,0.0015243205644091286
DD,DuPont,Materials,Specialty Chemicals,"Wilmington, Delaware",2019-06-03,2017 (1802),33380094639.328766,0.0005296468033148009
EMN,Eastman Chemical Company,Materials,Specialty Chemicals,"Kingsport, Tennessee",1994-01-01,1920,7352719200.183716,0.00011666666203697065
ETN,Eaton Corporation,Industrials,Electrical Components & Equipment,"Dublin, Ireland",1957-03-04,1911,148365570064.95328,0.0023541380201569377
EBAY,eBay Inc.,Consumer Discretionary,Broadline Retail,"San Jose, California",2002-07-22,1995,43833874718.98363,0.0006955184481249872
ECL,Ecolab,Materials,Specialty Chemicals,"Saint Paul, Minnesota",1989-01-31,1923,78823022637.3067,0.001250696333205459
EIX,Edison International,Utilities,Electric Utilities,"Rosemead, California",1957-03-04,1886,21277472599.356056,0.0003376127439611663
EW,Edwards Lifesciences,Health Care,Health Care Equipment,"Irvine, California",2011-04-01,1958,45247796820.8313,0.000717953355199739
EA,Electronic Arts,Communication Services,Interactive Home Entertainment,"Redwood City, California",2002-07-22,1982,50040824287.32971,0.0007940050172234862
ELV,Elevance Health,Health Care,Managed Health Care,"Indianapolis, Indiana",2002-07-25,2014 (1946),78924995552.0,0.0012523143522337322
EME,Emcor,Industrials,Construction & Engineering,"Norwalk, Connecticut",2025-09-22,1994,29294171640.335083,0.00046481487044012094
EMR,Emerson Electric,Industrials,Electrical Components & Equipment,"Ferguson, Missouri",1965-03-31,1890,76897999042.51973,0.0012201517046086542
ETR,Entergy,Utilities,Electric Utilities,"New Orleans, Louisiana",1957-03-04,1913,42582960819.44353,0.0006756700158400513
EOG,EOG Resources,Energy,Oil & Gas Exploration & Production,"Houston, Texas",2000-11-02,1999,60512451295.0238,0.0009601598418295088
EPAM,EPAM Systems,Information Technology,IT Consulting & Other Services,"Newtown, Pennsylvania",2021-12-14,1993,8708004893.43396,0.00013817117671148957
EQT,EQT Corporation,Energy,Oil & Gas Exploration & Production,"Pittsburgh, Pennsylvania",2022-10-03,1888,34966256075.924194,0.0005548146568967426
EFX,Equifax,Industrials,Research & Consulting Services,"Atlanta, Georgia",1997-06-19,1899,29358136048.58368,0.00046582980298362774
EQIX,Equinix,Real Estate,Data Center REITs,"Redwood City, California",2015-03-20,1998,77824517105.71802,0.0012348529011058092
EQR,Equity Residential,Real Estate,Multi-Family Residential REITs,"Chicago, Illinois",2001-12-03,1969,24912467906.4361,0.000395289741742679
ERIE,Erie Indemnity,Financials,Insurance Brokers,"Erie, Pennsylvania",2024-09-23,1925,16688834462.371216,0.00026480415707480883
ESS,Essex Property Trust,Real Estate,Multi-Family Residential REITs,"San Mateo, California",2014-04-02,1971,18349446781.424774,0.00029115333360756843
EL,Estée Lauder Companies (The),Consumer Staples,Personal Care Products,"New York City, New York",2006-01-05,1946,31718630116.16517,0.000503284104735818
EG,Everest Group,Financials,Reinsurance,"Hamilton, Bermuda",2017-06-19,1973,14967463649.351532,0.0002374909167054697
EVRG,Evergy,Utilities,Electric Utilities,"Kansas City, Missouri",2018-06-05,1909,17634500790.82045,0.00027980918187409305
ES,Eversource Energy,Utilities,Electric Utilities,"Hartford, Connecticut",2009-07-24,1966,26916983624.90854,0.0004270956833960711
EXC,Exelon,Utilities,Electric Utilities,"Chicago, Illinois",1957-03-04,2000,45792824064.07183,0.0007266013815226395
EXE,Expand Energy,Energy,Oil & Gas Exploration & Production,"Oklahoma City, Oklahoma",2025-03-24,1989,25586371903.41034,0.0004059826742102201
EXPE,Expedia Group,Consumer Discretionary,"Hotels, Resorts & Cruise Lines","Seattle, Washington",2007-10-02,1996,27122166732.520004,0.0004303513535256749
EXPD,Expeditors International,Industrials,Air Freight & Logistics,"Seattle, Washington",2007-10-10,1979,16763951134.80194,0.0002659960442116926
EXR,Extra Space Storage,Real Estate,Self-Storage REITs,"Salt Lake City, Utah",2016-01-19,1977,31649122140.25757,0.0005021812116001896
XOM,ExxonMobil,Energy,Integrated Oil & Gas,"Irving, Texas",1957-03-04,1999,482855366705.73816,0.007661536140097441
FFIV,"F5, Inc.",Information Technology,Communications Equipment,"Seattle, Washington",2010-12-20,1996,18669181937.73346,0.0002962266177092476
FDS,FactSet,Financials,Financial Exchanges & Data,"Norwalk, Connecticut",2021-12-20,1978,10857641652.02594,0.00017227977495778645
FICO,Fair Isaac,Information Technology,Application Software,"Bozeman, Montana",2023-03-20,1956,44422366562.42676,0.0007048561335636992
FAST,Fastenal,Industrials,Trading Companies & Distributors,"Winona, Minnesota",2008-09-15,1967,54948842447.76816,0.0008718812532670004
FRT,Federal Realty Investment Trust,Real Estate,Retail REITs,"Rockville, Maryland",2016-02-01,1962,8617932745.471191,0.0001367419888750965
FDX,FedEx,Industrials,Air Freight & Logistics,"Memphis, Tennessee",1980-12-31,1971,57717065459.225784,0.0009158050493114111
FIS,Fidelity National Information Services,Financials,Transaction & Payment Processing Services,"Jacksonville, Florida",2006-11-10,1968,34847874393.41813,0.0005529362775695464
FITB,Fifth Third Bancorp,Financials,Regional Banks,"Cincinnati, Ohio",1996-03-29,1858,29086679661.731358,0.00046152256511958884
FSLR,First Solar,Information Technology,Semiconductors,"Tempe, Arizona",2022-12-19,1999,24680902448.30017,0.00039161545903063067
FE,FirstEnergy,Utilities,Electric Utilities,"Akron, Ohio",1997-11-28,1997,26520162727.039696,0.00042079926865202453
FI,Fiserv,Financials,Transaction & Payment Processing Services,"Brookfield, Wisconsin",2001-04-02,1984,69340744713.66821,0.0011002396540179663
F,Ford Motor Company,Consumer Discretionary,Automobile Manufacturers,"Dearborn, Michigan",1957-03-04,1903,50631151183.23163,0.0008033718197057299
FTNT,Fortinet,Information Technology,Systems Software,"Sunnyvale, California",2018-10-11,2000,65737963672.607506,0.0010430738046679554
FTV,Fortive,Industrials,Industrial Machinery & Supplies & Components,"Everett, Washington",2016-07-01,2016,17055535099.82397,0.00027062264927798905
FOXA,Fox Corporation (Class A),Communication Services,Broadcasting,"New York City, New York",2019-03-19,2019,26186840743.980537,0.0004155104003995712
FOX,Fox Corporation (Class B),Communication Services,Broadcasting,"New York City, New York",2019-03-19,2019,26148832764.25,0.00041490732227225473
BEN,Franklin Resources,Financials,Asset Management & Custody Banks,"San Mateo, California",1998-04-30,1947,12356851908.885288,0.00019606796155887402
FCX,Freeport-McMoRan,Materials,Copper,"Phoenix, Arizona",2011-07-01,1912,56957157266.79904,0.0009037474758000004
GRMN,Garmin,Consumer Discretionary,Consumer Electronics,"Schaffhausen, Switzerland",2012-12-12,1989,49482493031.74408,0.0007851458942070028
IT,Gartner,Information Technology,IT Consulting & Other Services,"Stamford, Connecticut",2017-04-05,1979,19479247398.509216,0.0003090800438726984
GE,GE Aerospace,Industrials,Aerospace & Defense,"Evendale, Ohio",1957-03-04,1892,314950497939.0,0.004997365233328486
GEHC,GE HealthCare,Health Care,Health Care Equipment,"Chicago, Illinois",2023-01-04,1994,34954388438.06659,0.0005546263513654942
GEV,GE Vernova,Industrials,Heavy Electrical Equipment,"Cambridge, Massachusetts",2024-04-02,2024,161970519402.1631,0.00257000972464345
GEN,Gen Digital,Information Technology,Systems Software,"Tempe, Arizona",2003-03-25,1982,17133478535.711662,0.0002718593890806572
GNRC,Generac,Industrials,Electrical Components & Equipment,"Waukesha, Wisconsin",2021-03-22,1959,9720844694.731125,0.00015424205274774244
GD,General Dynamics,Industrials,Aerospace & Defense,"Falls Church, Virginia",1957-03-04,1899,92431490864.59595,0.001466623872431265
GIS,General Mills,Consumer Staples,Packaged Foods & Meats,"Golden Valley, Minnesota",1957-03-04,1856,26862851337.491547,0.0004262367585399161
GM,General Motors,Consumer Discretionary,Automobile Manufacturers,"Detroit, Michigan",2013-06-06,1908,57248439191.05881,0.000908369288341712
GPC,Genuine Parts Company,Consumer Discretionary,Distributors,"Atlanta, Georgia",1973-12-31,1925,19435365646.353607,0.000308383765746342
GILD,Gilead Sciences,Health Care,Biotechnology,"Foster City, California",2004-07-01,1987,140572714287.1496,0.0022304876472025127
GPN,Global Payments,Financials,Transaction & Payment Processing Services,"Atlanta, Georgia",2016-04-25,2000,21339720821.64656,0.000338600445533149
GL,Globe Life,Financials,Life & Health Insurance,"McKinney, Texas",1989-04-30,1900,11267548039.699997,0.00017878381906657952
GDDY,GoDaddy,Information Technology,Internet Services & Infrastructure,"Tempe, Arizona",2024-06-24,1997,18690617295.0,0.00029656673563212364
GS,Goldman Sachs,Financials,Investment Banking & Brokerage,"New York City, New York",2002-07-22,1869,239143602345.63867,0.0037945262254085827
HAL,Halliburton,Energy,Oil & Gas Equipment & Services,"Houston, Texas",1957-03-04,1919,20726756644.281353,0.0003288744540224641
HIG,Hartford (The),Financials,Property & Casualty Insurance,"Hartford, Connecticut",1957-03-04,1810,37525171097.509155,0.0005954173327064105
HAS,Hasbro,Consumer Discretionary,Leisure Products,"Pawtucket, Rhode Island",1984-09-30,1923,10642247375.00885,0.0001688620827221272
HCA,HCA Healthcare,Health Care,Health Care Facilities,"Nashville, Tennessee",2015-01-27,1968,100928672605.33347,0.0016014498875997177
DOC,Healthpeak Properties,Real Estate,Health Care REITs,"Denver, Colorado",2008-03-31,1985,13460667867.812971,0.00021358236948404175
HSIC,Henry Schein,Health Care,Health Care Distributors,"Melville, New York",2015-03-17,1932,8185620065.609253,0.00012988242087819956
HSY,Hershey Company (The),Consumer Staples,Packaged Foods & Meats,"Hershey, Pennsylvania",1957-03-04,1894,39406748593.72009,0.0006252725957553959
HPE,Hewlett Packard Enterprise,Information Technology,"Technology Hardware, Storage & Peripherals","Houston, Texas",2015-11-02,2015,32234165417.324203,0.0005114641781360025
HLT,Hilton Worldwide,Consumer Discretionary,"Hotels, Resorts & Cruise Lines","Tysons Corner, Virginia",2017-06-19,1919,60781119865.179504,0.0009644228450016589
HOLX,Hologic,Health Care,Health Care Equipment,"Marlborough, Massachusetts",2016-03-30,1985,15173443689.547913,0.00024075923187999074
HD,Home Depot (The),Consumer Discretionary,Home Improvement Retail,"Atlanta, Georgia",1988-03-31,1978,393237446333.6768,0.006239555598770337
HON,Honeywell,Industrials,Industrial Conglomerates,"Charlotte, North Carolina",1957-03-04,1906,132725128223.65054,0.0021059688608665124
HRL,Hormel Foods,Consumer Staples,Packaged Foods & Meats,"Austin, Minnesota",2009-03-04,1891,13551961053.427597,0.0002150309317019643
HST,Host Hotels & Resorts,Real Estate,Hotel & Resort REITs,"Bethesda, Maryland",2007-03-20,1993,12039099418.164825,0.00019102613669966223
HWM,Howmet Aerospace,Industrials,Aerospace & Defense,"Pittsburgh, Pennsylvania",2016-10-21,1888,76291656438.5,0.0012105307785626796
HPQ,HP Inc.,Information Technology,"Technology Hardware, Storage & Peripherals","Palo Alto, California",1974-12-31,1939 (2015),24900456740.143265,0.0003950991588249306
HUBB,Hubbell Incorporated,Industrials,Industrial Machinery & Supplies & Components,"Shelton, Connecticut",2023-10-18,1888,21946823717.0,0.0003482334352319935
HUM,Humana,Health Care,Managed Health Care,"Louisville, Kentucky",2012-12-10,1961,34123520633.496185,0.0005414428513957425
HBAN,Huntington Bancshares,Financials,Regional Banks,"Columbus, Ohio; Detroit, Michigan",1997-08-28,1866,25107901926.844696,0.0003983907216915619
HII,Huntington Ingalls Industries,Industrials,Aerospace & Defense,"Newport News, Virginia",2018-01-03,2011,11153756572.230713,0.00017697827334716754
IBM,IBM,Information Technology,IT Consulting & Other Services,"Armonk, New York",1957-03-04,1911,268622199267.1062,0.004262267398534711
IEX,IDEX Corporation,Industrials,Industrial Machinery & Supplies & Components,"Northbrook, Illinois",2019-08-09,1988,12572976428.0,0.00019949724065181543
IDXX,Idexx Laboratories,Health Care,Health Care Equipment,"Westbrook, Maine",2017-01-05,1983,50498163001.18396,0.0008012616769316826
ITW,Illinois Tool Works,Industrials,Industrial Machinery & Supplies & Components,"Glenview, Illinois",1986-02-28,1912,76116580540.0,0.0012077528238869986
INCY,Incyte,Health Care,Biotechnology,"Wilmington, Delaware",2017-02-28,1991,16959732895.28225,0.0002691025418027319
IR,Ingersoll Rand,Industrials,Industrial Machinery & Supplies & Components,"Davidson, North Carolina",2020-03-03,1859,33366137421.321182,0.0005294253421122262
PODD,Insulet Corporation,Health Care,Health Care Equipment,"Acton, Massachusetts",2023-03-15,2000,21759740075.48645,0.0003452649519562332
INTC,Intel,Information Technology,Semiconductors,"Santa Clara, California",1976-12-31,1968,175208348976.60638,0.0027800562866046362
IBKR,Interactive Brokers,Financials,Investment Banking & Brokerage,"Greenwich, Connecticut",2025-08-28,1977,119599391962.60828,0.0018977008997678256
ICE,Intercontinental Exchange,Financials,Financial Exchanges & Data,"Atlanta, Georgia",2007-09-26,2000,96149526635.92346,0.0015256184853037378
IFF,International Flavors & Fragrances,Materials,Specialty Chemicals,"New York City, New York",1976-03-31,1958 (1889),15935930774.79261,0.00025285772505780383
IP,International Paper,Materials,Paper & Plastic Packaging Products & Materials,"Memphis, Tennessee",1957-03-04,1898,24904914454.38591,0.0003951698900233953
IPG,Interpublic Group of Companies (The),Communication Services,Advertising,"New York City, New York",1992-10-01,1961 (1930),9706059335.0,0.00015400745130032104
INTU,Intuit,Information Technology,Application Software,"Mountain View, California",2000-12-05,1983,194804441195.58875,0.0030909903241917373
ISRG,Intuitive Surgical,Health Care,Health Care Equipment,"Sunnyvale, California",2008-06-02,1995,162156849677.06696,0.0025729662541419413
IVZ,Invesco,Financials,Asset Management & Custody Banks,"Atlanta, Georgia",2008-08-21,1935,10720969511.212029,0.0001701111782756491
INVH,Invitation Homes,Real Estate,Single-Family Residential REITs,"Dallas, Texas",2022-09-19,2012,17746190306.128128,0.00028158137561367557
IQV,IQVIA,Health Care,Life Sciences Tools & Services,"Durham, North Carolina",2017-08-29,1982,36031669961.57373,0.000571719733555112
IRM,Iron Mountain,Real Estate,Other Specialized REITs,"Portsmouth, New Hampshire",2009-01-06,1951,30952494881.331253,0.0004911277258393207
JBHT,J.B. Hunt,Industrials,Cargo Ground Transportation,"Lowell, Arkansas",2015-07-01,1961,13532607074.878922,0.00021472383931710177
JBL,Jabil,Information Technology,Electronic Manufacturing Services,"St. Petersburg, Florida",2023-12-18,1966,21787935598.701324,0.0003457123344127512
JKHY,Jack Henry & Associates,Financials,Transaction & Payment Processing Services,"Monett, Missouri",2018-11-13,1976,10628011460.318146,0.00016863619939885735
J,Jacobs Solutions,Industrials,Construction & Engineering,"Dallas, Texas",2007-10-26,1947,18480338836.992706,0.00029323021683872553
JNJ,Johnson & Johnson,Health Care,Pharmaceuticals,"New Brunswick, New Jersey",1973-06-30,1886,454309043344.1466,0.0072085874867690684
JCI,Johnson Controls,Industrials,Building Products,"Cork, Ireland",2010-08-27,1885,71190592616.70776,0.0011295914590098285
JPM,JPMorgan Chase,Financials,Diversified Banks,"New York City, New York",1975-06-30,2000 (1799 / 1871),852506183998.9868,0.0135268392747206
K,Kellanova,Consumer Staples,Packaged Foods & Meats,"Chicago, Illinois",1989-09-11,1906,28762674083.102417,0.0004563815216075435
KVUE,Kenvue,Consumer Staples,Personal Care Products,"Skillman, New Jersey",2023-08-25,2022 (Johnson & Johnson spinoff),30340496240.473785,0.00048141705463645204
KDP,Keurig Dr Pepper,Consumer Staples,Soft Drinks & Non-alcoholic Beverages,"Burlington, Massachusetts",2022-06-21,1981,35197949747.84756,0.0005584909739955531
KEY,KeyCorp,Financials,Regional Banks,"Cleveland, Ohio",1994-03-01,1825,20428089160.337288,0.00032413545373399073
KEYS,Keysight Technologies,Information Technology,Electronic Equipment & Instruments,"Santa Rosa, California",2018-11-06,2014 (1939),29791281813.0773,0.0004727025896552118
KMB,Kimberly-Clark,Consumer Staples,Household Products,"Irving, Texas",1957-03-04,1872,40669585407.54721,0.0006453102106507032
KIM,Kimco Realty,Real Estate,Retail REITs,"Jericho, New York",2006-04-04,1958,14539493776.193335,0.0002307002566524508
KMI,Kinder Morgan,Energy,Oil & Gas Storage & Transportation,"Houston, Texas",2012-05-25,1997,63240326916.98718,0.0010034434399925586
KKR,KKR & Co.,Financials,Asset Management & Custody Banks,"New York City, New York",2024-06-24,1976,118142283353.0773,0.0018745807461116022
KLAC,KLA Corporation,Information Technology,Semiconductor Materials & Equipment,"Milpitas, California",1997-09-30,1975/1977 (1997),145057100451.4087,0.0023016420529162265
KHC,Kraft Heinz,Consumer Staples,Packaged Foods & Meats,"Chicago, Illinois; Pittsburgh, Pennsylvania",2015-07-06,2015 (1869),30844594910.789825,0.0004894156613562052
KR,Kroger,Consumer Staples,Food Retail,"Cincinnati, Ohio",1957-03-04,1883,43975819933.58621,0.0006977707134337714
LHX,L3Harris,Industrials,Aerospace & Defense,"Melbourne, Florida",2008-09-22,"2019 (L3 1997, Harris 1895)",55640124717.866455,0.0008828499293148622
LH,Labcorp,Health Care,Health Care Services,"Burlington, North Carolina",2004-11-01,1978,23013714202.88086,0.0003651619413204093
LRCX,Lam Research,Information Technology,Semiconductor Materials & Equipment,"Fremont, California",2012-06-29,1980,183871116584.30786,0.002917509676741889
LW,Lamb Weston,Consumer Staples,Packaged Foods & Meats,"Eagle, Idaho",2018-12-03,2016 (1950),8765271204.63501,0.0001390798295776061
LVS,Las Vegas Sands,Consumer Discretionary,Casinos & Gaming,"Las Vegas, Nevada",2019-10-03,1988,34988541135.77606,0.0005551682571737866
LDOS,Leidos,Industrials,Diversified Support Services,"Reston, Virginia",2019-08-09,1969,25092392427.47943,0.0003981446302155316
LEN,Lennar,Consumer Discretionary,Homebuilding,"Miami, Florida",2005-10-04,1954,33514586770.12036,0.0005317808094617109
LII,Lennox International,Industrials,Building Products,"Richardson, Texas",2024-12-23,1895,19340483018.53528,0.0003068782493283365
LLY,Lilly (Eli),Health Care,Pharmaceuticals,"Indianapolis, Indiana",1970-12-31,1876,752907133804.0997,0.011946486698764776
LIN,Linde plc,Materials,Industrial Gases,"Guildford, United Kingdom",1992-07-01,1879,218854151021.95398,0.0034725905583377196
LYV,Live Nation Entertainment,Communication Services,Movies & Entertainment,"Beverly Hills, California",2019-12-23,2010,36922541714.449036,0.0005858553248759922
LKQ,LKQ Corporation,Consumer Discretionary,Distributors,"Nashville, Tennessee",2016-05-23,1998,8068714658.159302,0.00012802746582144764
LMT,Lockheed Martin,Industrials,Aerospace & Defense,"Bethesda, Maryland",1957-03-04,1995,117780783821.50781,0.001868844780609875
L,Loews Corporation,Financials,Multi-line Insurance,"New York City, New York",1995-05-31,1959,21091115906.901512,0.0003346557952915668
LOW,Lowe's,Consumer Discretionary,Home Improvement Retail,"Mooresville, North Carolina",1984-02-29,1904/1946/1959,143245688641.27487,0.0022729001189855276
LULU,Lululemon Athletica,Consumer Discretionary,"Apparel, Accessories & Luxury Goods","Vancouver, Canada",2023-10-18,1998,21003660969.54712,0.0003332681351155146
LYB,LyondellBasell,Materials,Specialty Chemicals,"Rotterdam, Netherlands",2012-09-05,2007,15911948175.267242,0.0002524771896725379
MTB,M&T Bank,Financials,Regional Banks,"Buffalo, New York",2004-02-23,1856,30403752875.443176,0.0004824207568386775
MPC,Marathon Petroleum,Energy,Oil & Gas Refining & Marketing,"Findlay, Ohio",2011-07-01,2009 (1887),58718482294.70073,0.0009316946754920993
MAR,Marriott International,Consumer Discretionary,"Hotels, Resorts & Cruise Lines","Bethesda, Maryland",1998-05-29,1927,72633975969.4466,0.0011524938320257277
MMC,Marsh McLennan,Financials,Insurance Brokers,"New York City, New York",1987-08-31,1905,98885259708.9565,0.0015690267587826071
MLM,Martin Marietta Materials,Materials,Construction Materials,"Raleigh, North Carolina",2014-07-02,1993,38280442702.16162,0.000607401336807085
MAS,Masco,Industrials,Building Products,"Livonia, Michigan",1981-06-30,1929,14735012126.6456,0.0002338025746783684
MA,Mastercard,Financials,Transaction & Payment Processing Services,"Harrison, New York",2008-07-18,1966,524733681821.95074,0.008326025440357793
MTCH,Match Group,Communication Services,Interactive Media & Services,"Dallas, Texas",2021-09-20,1986,8258152011.607948,0.00013103329578588026
MKC,McCormick & Company,Consumer Staples,Packaged Foods & Meats,"Hunt Valley, Maryland",2003-03-20,1889,18488803505.667206,0.00029336452696435605
MCD,McDonald's,Consumer Discretionary,Restaurants,"Chicago, Illinois",1970-06-30,1940,218154038998.36667,0.0034614817793105213
MCK,McKesson Corporation,Health Care,Health Care Distributors,"Irving, Texas",1999-01-13,1833,94802090696.90704,0.001504238523818228
MDT,Medtronic,Health Care,Health Care Equipment,"Dublin, Ireland",1986-10-31,1949,125318406756.95334,0.0019884453370339217
MRK,Merck & Co.,Health Care,Pharmaceuticals,"Kenilworth, New Jersey",1957-03-04,1891,222777290687.19354,0.0035348395844445376
META,Meta Platforms,Communication Services,Interactive Media & Services,"Menlo Park, California",2013-12-23,2004,1785027240342.842,0.028323286134830403
MET,MetLife,Financials,Life & Health Insurance,"New York City, New York",2000-12-11,1868,54778197894.52861,0.0008691736113893192
MTD,Mettler Toledo,Health Care,Life Sciences Tools & Services,"Columbus, Ohio",2016-09-06,1945,27067963326.25,0.00042949130021636354
MGM,MGM Resorts,Consumer Discretionary,Casinos & Gaming,"Paradise, Nevada",2017-07-26,1986,9235442138.126114,0.00014654009997605176
MCHP,Microchip Technology,Information Technology,Semiconductors,"Chandler, Arizona",2007-09-07,1989,35910285536.27149,0.000569793709272431
MU,Micron Technology,Information Technology,Semiconductors,"Boise, Idaho",1994-09-27,1978,210205269770.00928,0.0033353575050214294
MSFT,Microsoft,Information Technology,Systems Software,"Redmond, Washington",1994-06-01,1975,3875150235100.1846,0.061487570858088036
MAA,Mid-America Apartment Communities,Real Estate,Multi-Family Residential REITs,"Memphis, Tennessee",2016-12-02,1977,16406842310.225601,0.0002603297466946833
MRNA,Moderna,Health Care,Biotechnology,"Cambridge, Massachusetts",2021-07-21,2010,11084882187.87671,0.00017588543350062044
MHK,Mohawk Industries,Consumer Discretionary,Home Furnishings,"Calhoun, Georgia",2013-12-23,1878,8025578830.103073,0.00012734302338096993
MOH,Molina Healthcare,Health Care,Managed Health Care,"Long Beach, California",2022-03-02,1980,10955859080.757019,0.0001738382051455764
TAP,Molson Coors Beverage Company,Consumer Staples,Brewers,"Chicago, Illinois",1976-06-30,"2005 (Molson 1786, Coors 1873)",9184494153.999939,0.00014573170092208477
MDLZ,Mondelez International,Consumer Staples,Packaged Foods & Meats,"Chicago, Illinois",2012-10-02,2012,81335460274.53896,0.0012905615456162112
MPWR,Monolithic Power Systems,Information Technology,Semiconductors,"Kirkland, Washington",2021-02-12,1997,44004607178.4668,0.0006982274848237864
MNST,Monster Beverage,Consumer Staples,Soft Drinks & Non-alcoholic Beverages,"Corona, California",2012-06-28,2012 (1935),65586679667.23659,0.0010406733594114893
MCO,Moody's Corporation,Financials,Financial Exchanges & Data,"New York City, New York",1998-07-01,1909,87177427143.63971,0.0013832568812862484
MS,Morgan Stanley,Financials,Investment Banking & Brokerage,"New York City, New York",1993-07-29,1935,256729681175.20184,0.004073567088999961
MOS,Mosaic Company (The),Materials,Fertilizers & Agricultural Chemicals,"Tampa, Florida",2011-09-26,2004 (1865 / 1909),10959073209.355286,0.00017388920419024383
MSI,Motorola Solutions,Information Technology,Communications Equipment,"Chicago, Illinois",1957-03-04,1928 (2011),75454902575.73053,0.00119725388365373
MSCI,MSCI Inc.,Financials,Financial Exchanges & Data,"New York City, New York",2018-04-04,1969,43333815050.44006,0.0006875839288322018
NDAQ,"Nasdaq, Inc.",Financials,Financial Exchanges & Data,"New York City, New York",2008-10-22,1971,51311351652.68019,0.0008141646592153037
NTAP,NetApp,Information Technology,"Technology Hardware, Storage & Peripherals","San Jose, California",1999-06-25,1992,23698695029.594788,0.00037603063145208763
NFLX,Netflix,Communication Services,Movies & Entertainment,"Los Gatos, California",2010-12-20,1997,506696509298.33997,0.008039827007693309
NEM,Newmont,Materials,Gold,"Denver, Colorado",1969-06-30,1921,95411343783.9405,0.0015139056309203375
NWSA,News Corp (Class A),Communication Services,Publishing,"New York City, New York",2013-08-01,2013 (News Corporation 1980),16650790058.074533,0.0002642005009936181
NWS,News Corp (Class B),Communication Services,Publishing,"New York City, New York",2015-09-18,2013 (News Corporation 1980),16651937503.179932,0.00026421870767153854
NEE,NextEra Energy,Utilities,Multi-Utilities,"Juno Beach, Florida",1976-06-30,1984 (1925),164866959567.7102,0.0026159679608692738
NKE,"Nike, Inc.",Consumer Discretionary,"Apparel, Accessories & Luxury Goods","Washington County, Oregon",1988-11-30,1964,106327024491.70126,0.0016871063199938418
NI,NiSource,Utilities,Multi-Utilities,"Merrillville, Indiana",2000-11-02,1912,20704658820.183746,0.0003285238246422909
NDSN,Nordson Corporation,Industrials,Industrial Machinery & Supplies & Components,"Westlake, Ohio",2022-02-15,1935,13116692263.88301,0.00020812445868395886
NSC,Norfolk Southern,Industrials,Rail Transportation,"Atlanta, Georgia",1957-03-04,1881/1894 (1980),67349958381.24634,0.0010686515585244406
NTRS,Northern Trust,Financials,Asset Management & Custody Banks,"Chicago, Illinois",1998-01-30,1889,25243461614.30008,0.0004005416669149018
NOC,Northrop Grumman,Industrials,Aerospace & Defense,"West Falls Church, Virginia",1957-03-04,"1994 (Northrop 1939, Grumman 1930)",87275751702.16956,0.0013848170113180942
NCLH,Norwegian Cruise Line Holdings,Consumer Discretionary,"Hotels, Resorts & Cruise Lines","Miami, Florida",2017-10-13,2011 (1966),11328013630.65216,0.00017974323536855194
NRG,NRG Energy,Utilities,Independent Power Producers & Energy Traders,"Houston, Texas",2010-01-29,1992,33486692968.0058,0.0005313382144576552
NUE,Nucor,Materials,Steel,"Charlotte, North Carolina",1985-04-30,1940,31685071562.809494,0.0005027516263021661
NVDA,Nvidia,Information Technology,Semiconductors,"Santa Clara, California",2001-11-30,1993,4567984021118.164,0.0724808650340896
NVR,"NVR, Inc.",Consumer Discretionary,Homebuilding,"Reston, Virginia",2019-09-26,1980,22596664512.0,0.0003585445533835213
NXPI,NXP Semiconductors,Information Technology,Semiconductors,"Eindhoven, Netherlands",2021-03-22,1953,57706509495.67146,0.000915637556306587
ORLY,O’Reilly Automotive,Consumer Discretionary,Automotive Retail,"Springfield, Missouri",2009-03-27,1957,88913967874.02191,0.001410810824934725
OXY,Occidental Petroleum,Energy,Oil & Gas Exploration & Production,"Houston, Texas",1957-03-04,1920,44152120926.56416,0.0007005681068612298
ODFL,Old Dominion,Industrials,Cargo Ground Transportation,"Thomasville, North Carolina",2019-12-09,1934,29703063187.039352,0.00047130281192004703
OMC,Omnicom Group,Communication Services,Advertising,"New York City, New York",1997-12-31,1986,15034833533.529068,0.00023855988442949403
ON,ON Semiconductor,Information Technology,Semiconductors,"Phoenix, Arizona",2022-06-21,1999,20904477012.90184,0.00033169436888911836
OKE,Oneok,Energy,Oil & Gas Storage & Transportation,"Tulsa, Oklahoma",2010-03-15,1906,45902912924.937454,0.0007283481774460204
ORCL,Oracle Corporation,Information Technology,Application Software,"Austin, Texas",1989-08-31,1977,816375525811.117,0.01295354888062093
OTIS,Otis Worldwide,Industrials,Industrial Machinery & Supplies & Components,"Farmington, Connecticut",2020-04-03,"2020 (1853, United Technologies spinoff)",35927182821.981804,0.0005700618209556921
PCAR,Paccar,Industrials,Construction Machinery & Heavy Transportation Equipment,"Bellevue, Washington",1980-12-31,1905,52978125798.075226,0.0008406116063403761
PKG,Packaging Corporation of America,Materials,Paper & Plastic Packaging Products & Materials,"Lake Forest, Illinois",2017-07-26,1959,19304047500.7144,0.000306300121682221
PLTR,Palantir Technologies,Information Technology,Application Software,"Denver, Colorado",2024-09-23,2003,410581320178.02484,0.006514753360730273
PANW,Palo Alto Networks,Information Technology,Systems Software,"Santa Clara, California",2023-06-20,2005,140240890260.78693,0.0022252225472462364
PSKY,Paramount Skydance Corporation,Communication Services,Movies & Entertainment,"Los Angeles, California",1994-09-30,2025 (Paramount Pictures 1912),20958803213.575382,0.0003325563705950416
PH,Parker Hannifin,Industrials,Industrial Machinery & Supplies & Components,"Cleveland, Ohio",1985-11-30,1917,96582229600.9961,0.0015324842460126824
PAYX,Paychex,Industrials,Human Resource & Employment Services,"Penfield, New York",1998-10-01,1971,44846409378.89195,0.0007115844824385636
PAYC,Paycom,Industrials,Human Resource & Employment Services,"Oklahoma City, Oklahoma",2020-01-28,1998,11355956099.1763,0.0001801866025695873
PYPL,PayPal,Financials,Transaction & Payment Processing Services,"San Jose, California",2015-07-20,1998,66159954546.25,0.0010497695950684245
PNR,Pentair,Industrials,Industrial Machinery & Supplies & Components,"Worsley, United Kingdom",2012-10-01,1966,18398005298.956337,0.00029192381864849446
PEP,PepsiCo,Consumer Staples,Soft Drinks & Non-alcoholic Beverages,"Purchase, New York",1957-03-04,1898,194381575574.59113,0.003084280654048105
PFE,Pfizer,Health Care,Pharmaceuticals,"New York City, New York",1957-03-04,1849,158844480679.96323,0.002520408414816704
PCG,PG&E Corporation,Utilities,Multi-Utilities,"Oakland, California",2022-10-03,1905,34945613853.39157,0.0005544871237577312
PM,Philip Morris International,Consumer Staples,Tobacco,"New York City, New York",2008-03-31,2008 (1847),238578454332.45715,0.0037855589399105774
PSX,Phillips 66,Energy,Oil & Gas Refining & Marketing,"Houston, Texas",2012-05-01,2012 (1917),54942718949.017136,0.0008717840908241247
PNW,Pinnacle West Capital,Utilities,Multi-Utilities,"Phoenix, Arizona",1999-10-04,1985,10769948900.366302,0.00017088834134765872
PNC,PNC Financial Services,Financials,Diversified Banks,"Pittsburgh, Pennsylvania",1988-04-30,1845,80076989504.6505,0.001270593207373359
POOL,Pool Corporation,Consumer Discretionary,Distributors,"Covington, Louisiana",2020-10-07,1993,11554027910.229492,0.00018332943672523085
PPG,PPG Industries,Materials,Specialty Chemicals,"Pittsburgh, Pennsylvania",1957-03-04,1883,23923670979.49214,0.00037960035748112804
PPL,PPL Corporation,Utilities,Electric Utilities,"Allentown, Pennsylvania",2001-10-01,1920,27140209982.305355,0.00043063764838713293
PFG,Principal Financial Group,Financials,Life & Health Insurance,"Des Moines, Iowa",2002-07-22,1879,18766012993.95527,0.0002977630501233442
PG,Procter & Gamble,Consumer Staples,Personal Care Products,"Cincinnati, Ohio",1957-03-04,1837,356385700844.3718,0.0056548236078674645
PGR,Progressive Corporation,Financials,Property & Casualty Insurance,"Mayfield Village, Ohio",1997-08-04,1937,144789460537.31836,0.0022973953715790685
PLD,Prologis,Real Estate,Industrial REITs,"San Francisco, California",2003-07-17,1983,110218247601.84546,0.0017488489214915707
PRU,Prudential Financial,Financials,Life & Health Insurance,"Newark, New Jersey",2002-07-22,1875,36907692213.594864,0.000585619705692068
PEG,Public Service Enterprise Group,Utilities,Electric Utilities,"Newark, New Jersey",1957-03-04,1903,40924539828.0,0.000649355609420325
PTC,PTC Inc.,Information Technology,Application Software,"Boston, Massachusetts",2021-04-20,1985,24317918912.0,0.00038585594661059183
PSA,Public Storage,Real Estate,Self-Storage REITs,"Glendale, California",2005-08-19,1972,51502430501.15088,0.0008171965350193445
PHM,PulteGroup,Consumer Discretionary,Homebuilding,"Atlanta, Georgia",1984-04-30,1956,27150119278.560883,0.0004307948806281301
PWR,Quanta Services,Industrials,Construction & Engineering,"Houston, Texas",2009-07-01,1997,62756835014.12222,0.0009957718038408954
QCOM,Qualcomm,Information Technology,Semiconductors,"San Diego, California",1999-07-22,1985,185516546869.79156,0.002943617957745892
DGX,Quest Diagnostics,Health Care,Health Care Services,"Secaucus, New Jersey",2002-12-12,1967,20053297879.284836,0.000318188586115293
RL,Ralph Lauren Corporation,Consumer Discretionary,"Apparel, Accessories & Luxury Goods","New York City, New York",2007-02-02,1967,19493409542.53357,0.00030930475666610504
RJF,Raymond James Financial,Financials,Investment Banking & Brokerage,"St. Petersburg, Florida",2017-03-20,1962,33261236336.651855,0.0005277608613862218
RTX,RTX Corporation,Industrials,Aerospace & Defense,"Waltham, Massachusetts",1957-03-04,1922,223737039836.58734,0.003550068063406416
O,Realty Income,Real Estate,Retail REITs,"San Diego, California",2015-04-07,1969,55224089049.92037,0.0008762486310269609
REG,Regency Centers,Real Estate,Retail REITs,"Jacksonville, Florida",2017-03-02,1963,13092350120.380348,0.00020773821836225453
REGN,Regeneron Pharmaceuticals,Health Care,Biotechnology,"Tarrytown, New York",2013-05-01,1988,63592465200.0,0.001009030869205619
RF,Regions Financial Corporation,Financials,Regional Banks,"Birmingham, Alabama",1998-08-28,1971,23548016917.4382,0.00037363979999113615
RSG,Republic Services,Industrials,Environmental & Facilities Services,"Phoenix, Arizona",2008-12-05,1998 (1981),69983174147.38586,0.0011104331750250336
RMD,ResMed,Health Care,Health Care Equipment,"San Diego, California",2017-07-26,1989,40657626879.06909,0.0006451204629447958
RVTY,Revvity,Health Care,Health Care Equipment,"Waltham, Massachusetts",1985-05-31,1937,10916626503.225403,0.00017321569614732634
HOOD,Robinhood Markets,Financials,Investment Banking & Brokerage,"Menlo Park, California",2025-09-22,2013,129821431896.29869,0.0020598954900688505
ROK,Rockwell Automation,Industrials,Electrical Components & Equipment,"Milwaukee, Wisconsin",2000-03-12,1903,39284577625.5549,0.000623334091283023
ROL,"Rollins, Inc.",Industrials,Environmental & Facilities Services,"Atlanta, Georgia",2018-10-01,1948,28453214132.428825,0.00045147127568406103
ROP,Roper Technologies,Information Technology,Electronic Equipment & Instruments,"Sarasota, Florida",2009-12-23,1981,53946308646.93024,0.0008559739040348857
ROST,Ross Stores,Consumer Discretionary,Apparel Retail,"Dublin, California",2009-12-21,1982,49642537043.73764,0.0007876853357591604
RCL,Royal Caribbean Group,Consumer Discretionary,"Hotels, Resorts & Cruise Lines","Miami, Florida",2014-12-05,1997,85304663307.23267,0.0013535414658557637
SPGI,S&P Global,Financials,Financial Exchanges & Data,"New York City, New York",1957-03-04,1917,148161699402.7022,0.002350903174788233
CRM,Salesforce,Information Technology,Application Software,"San Francisco, California",2008-09-15,1999,236337200798.1764,0.003749996644995716
SBAC,SBA Communications,Real Estate,Telecom Tower REITs,"Boca Raton, Florida",2017-09-01,1989,20626434213.93631,0.0003272826234687419
SLB,Schlumberger,Energy,Oil & Gas Equipment & Services,"Houston, Texas",1957-03-04,1926,52650725576.154175,0.0008354166995308331
STX,Seagate Technology,Information Technology,"Technology Hardware, Storage & Peripherals","Dublin, Ireland",2012-07-02,1979,53836249312.98927,0.0008542275766195012
SRE,Sempra,Utilities,Multi-Utilities,"San Diego, California",2017-03-17,1998,59662080226.39026,0.0009466668807399832
NOW,ServiceNow,Information Technology,Systems Software,"Santa Clara, California",2019-11-21,2003,195229269459.96753,0.0030977311358825733
SHW,Sherwin-Williams,Materials,Specialty Chemicals,"Cleveland, Ohio",1964-06-30,1866,86418928847.40979,0.0013712216788022936
SPG,Simon Property Group,Real Estate,Retail REITs,"Indianapolis, Indiana",2002-06-26,2003,69730883257.08783,0.0011064300388747136
SWKS,Skyworks Solutions,Information Technology,Semiconductors,"Irvine, California",2015-03-12,2002,11443765266.317505,0.0001815798833610467
SJM,J.M. Smucker Company (The),Consumer Staples,Packaged Foods & Meats,"Orrville, Ohio",2008-11-06,1897,11554003153.57727,0.00018332904390783918
SW,Smurfit Westrock,Materials,Paper & Plastic Packaging Products & Materials,"Dublin, Ireland",2024-07-08,1934,21918809108.110123,0.00034778892336931127
SNA,Snap-on,Industrials,Industrial Machinery & Supplies & Components,"Kenosha, Wisconsin",1982-09-30,1920,18122599053.25589,0.0002875539078011984
SOLV,Solventum,Health Care,Health Care Technology,"Saint Paul, Minnesota",2024-04-01,2023,12830697052.0,0.00020358653117434944
SO,Southern Company,Utilities,Electric Utilities,"Atlanta, Georgia",1957-03-04,1945,103998482864.90347,0.0016501590122541625
LUV,Southwest Airlines,Industrials,Passenger Airlines,"Dallas, Texas",1994-07-01,1967,17079104537.091854,0.0002709966289577876
SWK,Stanley Black & Decker,Industrials,Industrial Machinery & Supplies & Components,"New Britain, Connecticut",1982-09-30,1843,11674430985.30693,0.00018523988978155325
SBUX,Starbucks,Consumer Discretionary,Restaurants,"Seattle, Washington",2000-06-07,1971,98233611918.64014,0.001558686968774296
STT,State Street Corporation,Financials,Asset Management & Custody Banks,"Boston, Massachusetts",2003-03-14,1792,33016463122.76747,0.0005238770092979714
STLD,Steel Dynamics,Materials,Steel,"Fort Wayne, Indiana",2022-12-22,1993,21357913278.930695,0.00033888910789163225
STE,Steris,Health Care,Health Care Equipment,"Dublin, Ireland",2019-12-23,1985,23883971955.0,0.0003789704473012987
SYK,Stryker Corporation,Health Care,Health Care Equipment,"Kalamazoo, Michigan",2000-12-12,1941,141644853909.0,0.002247499442092727
SMCI,Supermicro,Information Technology,"Technology Hardware, Storage & Peripherals","San Jose, California",2024-03-18,1993,30878440539.606537,0.0004899526948578367
SYF,Synchrony Financial,Financials,Consumer Finance,"Stamford, Connecticut",2015-11-18,2003,28285134098.57418,0.0004488043254074351
SNPS,Synopsys,Information Technology,Application Software,"Sunnyvale, California",2017-03-16,1986,87147707405.59384,0.0013827853138919247
SYY,Sysco,Consumer Staples,Food Distributors,"Houston, Texas",1986-12-31,1969,39309386926.14441,0.000623727744053984
TMUS,T-Mobile US,Communication Services,Wireless Telecommunication Services,"Bellevue, Washington",2019-07-15,1994,259150246688.56888,0.004111974553095595
TROW,T. Rowe Price,Financials,Asset Management & Custody Banks,"Baltimore, Maryland",2019-07-29,1937,22692189822.27292,0.00036006026733725275
TTWO,Take-Two Interactive,Communication Services,Interactive Home Entertainment,"New York City, New York",2018-03-19,1993,47534282877.059814,0.0007542333611011738
TPR,"Tapestry, Inc.",Consumer Discretionary,"Apparel, Accessories & Luxury Goods","New York City, New York",2004-09-01,2017,23789072600.321594,0.00037746466547577826
TRGP,Targa Resources,Energy,Oil & Gas Storage & Transportation,"Houston, Texas",2022-10-12,2005,34925638236.313416,0.0005541701677441547
TGT,Target Corporation,Consumer Staples,Consumer Staples Merchandise Retail,"Minneapolis, Minnesota",1976-12-31,1902,40455155591.75354,0.000641907821661168
TEL,TE Connectivity,Information Technology,Electronic Manufacturing Services,"Galway, Ireland",2011-10-17,2007,65254131390.35446,0.0010353967676671703
TDY,Teledyne Technologies,Information Technology,Electronic Equipment & Instruments,"Thousand Oaks, California",2020-06-22,1960,27552618965.812256,0.000437181401546999
TER,Teradyne,Information Technology,Semiconductor Materials & Equipment,"North Reading, Massachusetts",2020-09-21,1960,23167469103.38922,0.0003676015926284164
TSLA,"Tesla, Inc.",Consumer Discretionary,Automobile Manufacturers,"Austin, Texas",2020-12-21,2003,1429249560680.1372,0.02267811008724392
TXN,Texas Instruments,Information Technology,Semiconductors,"Dallas, Texas",2001-03-12,1930,163935620972.7995,0.0026011902762962356
TPL,Texas Pacific Land Corporation,Energy,Oil & Gas Exploration & Production,"Dallas, Texas",2024-11-26,1888,21735994461.51245,0.0003448881768550848
TXT,Textron,Industrials,Aerospace & Defense,"Providence, Rhode Island",1978-12-31,1923,15477129598.8303,0.00024557786025121333
TMO,Thermo Fisher Scientific,Health Care,Life Sciences Tools & Services,"Waltham, Massachusetts",2004-08-03,2006 (1902),205164220347.43378,0.0032553704426458406
TJX,TJX Companies,Consumer Discretionary,Apparel Retail,"Framingham, Massachusetts",1985-09-30,1987,157291635575.3517,0.002495769196306775
TKO,TKO Group Holdings,Communication Services,Movies & Entertainment,"New York City, New York",2025-03-24,2023,16209714953.423767,0.000257201898331636
TTD,Trade Desk (The),Communication Services,Advertising,"Ventura, California",2025-07-18,2009,24090914703.904713,0.00038225403791453263
TSCO,Tractor Supply,Consumer Discretionary,Other Specialty Retail,"Brentwood, Tennessee",2014-01-24,1938,29587202650.640488,0.0004694644359838178
TT,Trane Technologies,Industrials,Building Products,"Dublin, Ireland",2010-11-17,1871,94785419954.61728,0.00150397400673228
TDG,TransDigm Group,Industrials,Aerospace & Defense,"Cleveland, Ohio",2016-06-03,1993,72625935340.21912,0.0011523662501955086
TRV,Travelers Companies (The),Financials,Property & Casualty Insurance,"New York City, New York",2002-08-21,1853,64064085245.31683,0.0010165141328715922
TRMB,Trimble Inc.,Information Technology,Electronic Equipment & Instruments,"Westminster, Colorado",2021-01-21,1978,19208865477.449615,0.0003047898547132403
TFC,Truist Financial,Financials,Diversified Banks,"Charlotte, North Carolina",1997-12-04,1872,58966825905.469246,0.0009356351795855846
TYL,Tyler Technologies,Information Technology,Application Software,"Plano, Texas",2020-06-22,1966,21749441936.921387,0.0003451015498979103
TSN,Tyson Foods,Consumer Staples,Packaged Foods & Meats,"Springdale, Arkansas",2005-08-10,1935,19457027286.455097,0.00030872747413178176
USB,U.S. Bancorp,Financials,Diversified Banks,"Minneapolis, Minnesota",1999-11-01,1968,74806026530.79868,0.001186958073331467
UBER,Uber,Industrials,Passenger Ground Transportation,"San Francisco, California",2023-12-18,2009,205288214052.29855,0.003257337868745808
UDR,"UDR, Inc.",Real Estate,Multi-Family Residential REITs,"Highlands Ranch, Colorado",2016-03-07,1972,13727891320.770287,0.00021782244277199548
ULTA,Ulta Beauty,Consumer Discretionary,Other Specialty Retail,"Bolingbrook, Illinois",2016-04-18,1990,24950308195.14331,0.0003958901590922053
UNP,Union Pacific Corporation,Industrials,Rail Transportation,"Omaha, Nebraska",1957-03-04,1862,140451664133.2695,0.002228566926852972
UAL,United Airlines Holdings,Industrials,Passenger Airlines,"Chicago, Illinois",2015-09-03,1967,30861381113.79117,0.0004896820104740108
UPS,United Parcel Service,Industrials,Air Freight & Logistics,"Sandy Springs, Georgia",2002-07-22,1907,72976785797.92172,0.0011579332452975768
URI,United Rentals,Industrials,Trading Companies & Distributors,"Stamford, Connecticut",2014-09-20,1997,63105869752.18469,0.0010013099886560695
UNH,UnitedHealth Group,Health Care,Managed Health Care,"Eden Prairie, Minnesota",1994-07-01,1977,326223650780.58624,0.005176237984599553
UHS,Universal Health Services,Health Care,Health Care Facilities,"King of Prussia, Pennsylvania",2014-09-20,1979,13016100850.328568,0.00020652836013463792
VLO,Valero Energy,Energy,Oil & Gas Refining & Marketing,"San Antonio, Texas",2002-12-20,1980,49828537841.53223,0.0007906366373965691
VTR,Ventas,Real Estate,Health Care REITs,"Chicago, Illinois",2009-03-04,1998,31703911324.775208,0.0005030505595379213
VLTO,Veralto,Industrials,Environmental & Facilities Services,"Waltham, Massachusetts",2023-10-02,2023,26587953317.534637,0.0004218749117842092
VRSN,Verisign,Information Technology,Internet Services & Infrastructure,"Reston, Virginia",2006-02-01,1995,26369596354.24832,0.00041841021017578826
VRSK,Verisk Analytics,Industrials,Research & Consulting Services,"Jersey City, New Jersey",2015-10-08,1971,34794615439.81224,0.0005520912100276463
VZ,Verizon,Communication Services,Integrated Telecommunication Services,"New York City, New York",1983-11-30,1983 (1877),184126896645.0387,0.002921568176065559
VRTX,Vertex Pharmaceuticals,Health Care,Biotechnology,"Boston, Massachusetts",2013-09-23,1989,103402346418.53131,0.0016407000287919512
VTRS,Viatris,Health Care,Pharmaceuticals,"Pittsburgh, Pennsylvania",2004-04-23,1961,11880236484.910587,0.00018850543549517304
VICI,Vici Properties,Real Estate,Hotel & Resort REITs,"New York City, New York",2022-06-08,2017,34795646995.145805,0.0005521075778657477
V,Visa Inc.,Financials,Transaction & Payment Processing Services,"San Francisco, California",2009-12-21,1958,664046053999.6758,0.010536515056501602
VST,Vistra Corp.,Utilities,Electric Utilities,"Irving, Texas",2024-05-08,2016,68438319105.95563,0.0010859207360065343
VMC,Vulcan Materials Company,Materials,Construction Materials,"Birmingham, Alabama",1999-06-30,1909,40258232555.443726,0.0006387832152810035
WRB,W. R. Berkley Corporation,Financials,Property & Casualty Insurance,"Greenwich, Connecticut",2019-12-05,1967,29152442764.281937,0.0004625660378064799
GWW,W. W. Grainger,Industrials,Industrial Machinery & Supplies & Components,"Lake Forest, Illinois",1981-06-30,1927,45755847572.517334,0.0007260146701678263
WAB,Wabtec,Industrials,Construction Machinery & Heavy Transportation Equipment,"Pittsburgh, Pennsylvania",2019-02-27,1999 (1869),34204311967.184616,0.0005427247792058931
WMT,Walmart,Consumer Staples,Consumer Staples Merchandise Retail,"Bentonville, Arkansas",1982-08-31,1962,823366654808.0728,0.013064478138455819
DIS,Walt Disney Company (The),Communication Services,Movies & Entertainment,"Burbank, California",1976-06-30,1923,202213620392.25345,0.003208552845182208
WBD,Warner Bros. Discovery,Communication Services,Broadcasting,"New York City, New York",2022-04-11,2022 (Warner Bros. 1923),47014915068.52069,0.0007459924767504968
WM,Waste Management,Industrials,Environmental & Facilities Services,"Houston, Texas",1998-08-31,1968,88525987811.58699,0.0014046546890088426
WAT,Waters Corporation,Health Care,Life Sciences Tools & Services,"Milford, Massachusetts",2002-01-02,1958,19547129922.635498,0.0003101571457291462
WEC,WEC Energy Group,Utilities,Electric Utilities,"Milwaukee, Wisconsin",2008-10-31,1896,36464244184.227486,0.0005785834514894226
WFC,Wells Fargo,Financials,Diversified Banks,"San Francisco, California",1976-06-30,1852,259609372724.3637,0.004119259572500269
WELL,Welltower,Real Estate,Health Care REITs,"Toledo, Ohio",2009-01-30,1970,117071288397.27145,0.0018575871138035468
WST,West Pharmaceutical Services,Health Care,Health Care Supplies,"Exton, Pennsylvania",2020-05-22,1923,19599060326.445007,0.00031098113297872536
WDC,Western Digital,Information Technology,"Technology Hardware, Storage & Peripherals","San Jose, California",2009-07-01,1970,45554343518.08215,0.0007228173761086051
WY,Weyerhaeuser,Real Estate,Timber REITs,"Seattle, Washington",1979-10-01,1900,18124356925.51613,0.0002875818002153251
WSM,"Williams-Sonoma, Inc.",Consumer Discretionary,Homefurnishing Retail,"San Francisco, California",2025-03-24,1956,24288645218.17096,0.00038539145666455373
WMB,Williams Companies,Energy,Oil & Gas Storage & Transportation,"Tulsa, Oklahoma",1975-03-31,1908,78741524592.37152,0.00124940319190545
WTW,Willis Towers Watson,Financials,Insurance Brokers,"London, United Kingdom",2016-01-05,2016,33862811024.66565,0.00053730613421736
WDAY,"Workday, Inc.",Information Technology,Application Software,"Pleasanton, California",2024-12-23,2005,67071973643.89722,0.0010642407343761531
WYNN,Wynn Resorts,Consumer Discretionary,Casinos & Gaming,"Paradise, Nevada",2008-11-14,2002,12857738204.233429,0.00020401559705906713
XEL,Xcel Energy,Utilities,Multi-Utilities,"Minneapolis, Minnesota",1957-03-04,1909,47467866229.44262,0.0007531795185199162
XYL,Xylem Inc.,Industrials,Industrial Machinery & Supplies & Components,"White Plains, New York",2011-11-01,2011,36474943232.454834,0.0005787532148395075
YUM,Yum! Brands,Consumer Discretionary,Restaurants,"Louisville, Kentucky",1997-10-06,1997,41821854707.81738,0.0006635934347709495
ZBRA,Zebra Technologies,Information Technology,Electronic Equipment & Instruments,"Lincolnshire, Illinois",2019-12-23,1969,15508280003.044678,0.0002460721282331462
ZBH,Zimmer Biomet,Health Care,Health Care Equipment,"Warsaw, Indiana",2001-08-07,1927,19964113025.703613,0.000316773477107551
ZTS,Zoetis,Health Care,Pharmaceuticals,"Parsippany, New Jersey",2013-06-21,1952,64890923158.746826,0.0010296336899740966
